CompanyName,CompanyAddress,CompanyCity,CompanyState,CompanyZip,Website,EstimatedAnnualRevenue,SalesArea,CompanyType,IsBankruptcy,DateOrganized,TaxIdNo,Employees,YearsAtLocation,Landlord,LandlordPhone,Owner1Name,Owner1Title,Owner1Address,Owner1Phone,Owner1Email,Owner1SSNMasked,Owner2Name,Owner2Title,Owner2Address,Owner2Phone,Owner2Email,Owner2SSNMasked,Owner3Name,Owner3Title,Owner3Address,Owner3Phone,Owner3Email,Owner3SSNMasked,ShipUnit,ShipPerMonth,EstimatedFreightUSD,Ref1Company,Ref1Contact,Ref1Address,Ref1Phone,Ref1Fax,Ref1Website,Ref1Email,Ref2Company,Ref2Contact,Ref2Address,Ref2Phone,Ref2Fax,Ref2Website,Ref2Email,Ref3Company,Ref3Contact,Ref3Address,Ref3Phone,Ref3Fax,Ref3Website,Ref3Email,Bank1Name,Bank1Contact,Bank1Address,Bank1Phone,Bank1Fax,Bank1Email,Bank1CheckingMasked,Bank1SavingsMasked,Bank1YearsOpen
Acme LLC,1 Main St,LA,CA,90001,https://acme.com,1200000,US,Corporation,false,2018-03-12,TAX1234567,45,2,Starland Holdings,123-456-7890,Jane Doe,CFO,88 Broadway,123-555-1212,jane@acme.com,****-**-1234,,,,,,,,,TEU,20,45000,Supply Co.,Mike Ross,22 King Rd,123-777-8888,123-777-0000,https://supply.example,mike@supply.example,Warehouse Inc.,Sara Li,77 Lake Ave,123-333-4444,123-333-0000,https://wh.example,sara@wh.example,Steel Corp.,Ben Wu,9 Pine St,123-999-0000,123-999-1111,https://steel.example,ben@steel.example,First Bank,Allen Kay,5 Wall St,123-444-5555,,bank@fb.com,***4321,,8
Nova Start,2 Elm St,SF,CA,94101,https://nova.io,0,EU,Startup,false,2024-09-01,TAXZZZ9999,3,0,Metro Landlord,321-654-0987,Alex Sun,CTO,9 West Rd,111-222-3333,alex@nova.io,****-**-9876,,,,,,,,,CBM,0,1000,Paper Ltd.,Amy Yan,100 Oak,222-111-2222,,https://paper.example,amy@paper.example,,,,,,,,,First Bank,June Q,100 Wall,555-111-2222,,first@fb.com,***0001,***9999,1
Bad Email Co,3 River Rd,Austin,TX,73301,https://badmail.example,500000,NA,Corporation,false,2016-01-01,TAXA1B2C3,100,5,Realty Group,555-888-9999,Owner A,CEO,12 Lake Rd,555-000-0000,not-an-email,****-**-0000,,,,,,,,,FEU,10,200000,Ref A,Con Tact,Addr,555-111-0000,,http://ra.example,ra@ex,Ref B,Con B,Addr,555-222-0000,,http://rb.example,rb@example.com,,,,,,,,Bank Z,Mr Z,Addr,555-333-0000,,z@bankz.com,***1234,,10
Tiny Emp,9 Cedar St,NY,NY,10001,https://tiny.example,9000,APAC,Corporation,false,2020-05-05,TAX0000001,1,1,Land LLC,555-100-1000,Mini Mei,Owner,1 Short St,555-101-0101,mini@tiny.example,****-**-1111,,,,,,,,,TON,2,2500,Ref C,C C,Addr,555-444-0000,,http://rc.example,cc@rc.example,,,,,,,,,Bank Y,A Y,Addr,555-200-0000,,y@banky.com,***5678,,2
Future Date Inc,7 Palm St,Miami,FL,33101,https://future.example,3000000,US,Corporation,false,2030-01-01,TAXFUTURE,50,3,Landlord Co,555-202-0202,Rep X,COO,55 South St,555-303-0303,rep@future.example,****-**-2222,,,,,,,,,TEU,5,15000,Ref D,D D,Addr,555-505-0505,,http://rd.example,dd@rd.example,,,,,,,,,Bank X,B X,Addr,555-909-0909,,x@bankx.com,***8888,,5
